Statistik;Gebiet;Tabelle;Rechenstand;Merkmal_1;Merkmal_2;Einheit;Jahr;Wert
Verkehr und Umwelt;Deutschland insgesamt;Energieverbrauch im Straßenverkehr, Energieträger in tiefer Gliederung, Übersicht;9.2024;Alle Wirtschaftszweige;Benzin;TJ;2014;30427.554
Verkehr und Umwelt;Deutschland insgesamt;Energieverbrauch im Straßenverkehr, Energieträger in tiefer Gliederung, Übersicht;9.2024;Alle Wirtschaftszweige;Bioethanol;TJ;2014;1323.01
Verkehr und Umwelt;Deutschland insgesamt;Energieverbrauch im Straßenverkehr, Energieträger in tiefer Gliederung, Übersicht;9.2024;Alle Wirtschaftszweige;Diesel;TJ;2014;672099.303
Verkehr und Umwelt;Deutschland insgesamt;Energieverbrauch im Straßenverkehr, Energieträger in tiefer Gliederung, Übersicht;9.2024;Alle Wirtschaftszweige;Biodiesel;TJ;2014;41300.611
Verkehr und Umwelt;Deutschland insgesamt;Energieverbrauch im Straßenverkehr, Energieträger in tiefer Gliederung, Übersicht;9.2024;Alle Wirtschaftszweige;Erdgas;TJ;2014;2626.222
Verkehr und Umwelt;Deutschland insgesamt;Energieverbrauch im Straßenverkehr, Energieträger in tiefer Gliederung, Übersicht;9.2024;Alle Wirtschaftszweige;Flüssiggas (Autogas);TJ;2014;1038.715
Verkehr und Umwelt;Deutschland insgesamt;Energieverbrauch im Straßenverkehr, Energieträger in tiefer Gliederung, Übersicht;9.2024;Alle Wirtschaftszweige;Biogas (Biomethan);TJ;2014;650.774
Verkehr und Umwelt;Deutschland insgesamt;Energieverbrauch im Straßenverkehr, Energieträger in tiefer Gliederung, Übersicht;9.2024;Alle Wirtschaftszweige;Strom;TJ;2014;183.945
Verkehr und Umwelt;Deutschland insgesamt;Energieverbrauch im Straßenverkehr, Energieträger in tiefer Gliederung, Übersicht;9.2024;Alle Wirtschaftszweige;Energieverbrauch der Inländer insgesamt;TJ;2014;749650.133
Verkehr und Umwelt;Deutschland insgesamt;Energieverbrauch im Straßenverkehr, Energieträger in tiefer Gliederung, Übersicht;9.2024;Private Haushalte;Benzin;TJ;2014;811380.34
Verkehr und Umwelt;Deutschland insgesamt;Energieverbrauch im Straßenverkehr, Energieträger in tiefer Gliederung, Übersicht;9.2024;Private Haushalte;Bioethanol;TJ;2014;35284.607
Verkehr und Umwelt;Deutschland insgesamt;Energieverbrauch im Straßenverkehr, Energieträger in tiefer Gliederung, Übersicht;9.2024;Private Haushalte;Diesel;TJ;2014;556827.959
Verkehr und Umwelt;Deutschland insgesamt;Energieverbrauch im Straßenverkehr, Energieträger in tiefer Gliederung, Übersicht;9.2024;Private Haushalte;Biodiesel;TJ;2014;34217.459
Verkehr und Umwelt;Deutschland insgesamt;Energieverbrauch im Straßenverkehr, Energieträger in tiefer Gliederung, Übersicht;9.2024;Private Haushalte;Erdgas;TJ;2014;1979.449
Verkehr und Umwelt;Deutschland insgesamt;Energieverbrauch im Straßenverkehr, Energieträger in tiefer Gliederung, Übersicht;9.2024;Private Haushalte;Flüssiggas (Autogas);TJ;2014;21827.815
Verkehr und Umwelt;Deutschland insgesamt;Energieverbrauch im Straßenverkehr, Energieträger in tiefer Gliederung, Übersicht;9.2024;Private Haushalte;Biogas (Biomethan);TJ;2014;498.1
Verkehr und Umwelt;Deutschland insgesamt;Energieverbrauch im Straßenverkehr, Energieträger in tiefer Gliederung, Übersicht;9.2024;Private Haushalte;Strom;TJ;2014;65.073
Verkehr und Umwelt;Deutschland insgesamt;Energieverbrauch im Straßenverkehr, Energieträger in tiefer Gliederung, Übersicht;9.2024;Private Haushalte;Energieverbrauch der Inländer insgesamt;TJ;2014;1462080.802
Verkehr und Umwelt;Deutschland insgesamt;Energieverbrauch im Straßenverkehr, Energieträger in tiefer Gliederung, Übersicht;9.2024;Insgesamt;Benzin;TJ;2014;841807.894
Verkehr und Umwelt;Deutschland insgesamt;Energieverbrauch im Straßenverkehr, Energieträger in tiefer Gliederung, Übersicht;9.2024;Insgesamt;Bioethanol;TJ;2014;36607.618
Verkehr und Umwelt;Deutschland insgesamt;Energieverbrauch im Straßenverkehr, Energieträger in tiefer Gliederung, Übersicht;9.2024;Insgesamt;Diesel;TJ;2014;1228927.262
Verkehr und Umwelt;Deutschland insgesamt;Energieverbrauch im Straßenverkehr, Energieträger in tiefer Gliederung, Übersicht;9.2024;Insgesamt;Biodiesel;TJ;2014;75518.071
Verkehr und Umwelt;Deutschland insgesamt;Energieverbrauch im Straßenverkehr, Energieträger in tiefer Gliederung, Übersicht;9.2024;Insgesamt;Erdgas;TJ;2014;4605.671
Verkehr und Umwelt;Deutschland insgesamt;Energieverbrauch im Straßenverkehr, Energieträger in tiefer Gliederung, Übersicht;9.2024;Insgesamt;Flüssiggas (Autogas);TJ;2014;22866.529
Verkehr und Umwelt;Deutschland insgesamt;Energieverbrauch im Straßenverkehr, Energieträger in tiefer Gliederung, Übersicht;9.2024;Insgesamt;Biogas (Biomethan);TJ;2014;1148.874
Verkehr und Umwelt;Deutschland insgesamt;Energieverbrauch im Straßenverkehr, Energieträger in tiefer Gliederung, Übersicht;9.2024;Insgesamt;Strom;TJ;2014;249.018
Verkehr und Umwelt;Deutschland insgesamt;Energieverbrauch im Straßenverkehr, Energieträger in tiefer Gliederung, Übersicht;9.2024;Insgesamt;Energieverbrauch der Inländer insgesamt;TJ;2014;2211730.936
Verkehr und Umwelt;Deutschland insgesamt;Energieverbrauch im Straßenverkehr, Energieträger in tiefer Gliederung, Übersicht;9.2024;Alle Wirtschaftszweige;Benzin;TJ;2015;30119.716
Verkehr und Umwelt;Deutschland insgesamt;Energieverbrauch im Straßenverkehr, Energieträger in tiefer Gliederung, Übersicht;9.2024;Alle Wirtschaftszweige;Bioethanol;TJ;2015;1345.153
Verkehr und Umwelt;Deutschland insgesamt;Energieverbrauch im Straßenverkehr, Energieträger in tiefer Gliederung, Übersicht;9.2024;Alle Wirtschaftszweige;Diesel;TJ;2015;689880.592
Verkehr und Umwelt;Deutschland insgesamt;Energieverbrauch im Straßenverkehr, Energieträger in tiefer Gliederung, Übersicht;9.2024;Alle Wirtschaftszweige;Biodiesel;TJ;2015;37736.369
Verkehr und Umwelt;Deutschland insgesamt;Energieverbrauch im Straßenverkehr, Energieträger in tiefer Gliederung, Übersicht;9.2024;Alle Wirtschaftszweige;Erdgas;TJ;2015;2708.985
Verkehr und Umwelt;Deutschland insgesamt;Energieverbrauch im Straßenverkehr, Energieträger in tiefer Gliederung, Übersicht;9.2024;Alle Wirtschaftszweige;Flüssiggas (Autogas);TJ;2015;953.471
Verkehr und Umwelt;Deutschland insgesamt;Energieverbrauch im Straßenverkehr, Energieträger in tiefer Gliederung, Übersicht;9.2024;Alle Wirtschaftszweige;Biogas (Biomethan);TJ;2015;448.815
Verkehr und Umwelt;Deutschland insgesamt;Energieverbrauch im Straßenverkehr, Energieträger in tiefer Gliederung, Übersicht;9.2024;Alle Wirtschaftszweige;Strom;TJ;2015;236.893
Verkehr und Umwelt;Deutschland insgesamt;Energieverbrauch im Straßenverkehr, Energieträger in tiefer Gliederung, Übersicht;9.2024;Alle Wirtschaftszweige;Energieverbrauch der Inländer insgesamt;TJ;2015;763429.992
Verkehr und Umwelt;Deutschland insgesamt;Energieverbrauch im Straßenverkehr, Energieträger in tiefer Gliederung, Übersicht;9.2024;Private Haushalte;Benzin;TJ;2015;773421.444
Verkehr und Umwelt;Deutschland insgesamt;Energieverbrauch im Straßenverkehr, Energieträger in tiefer Gliederung, Übersicht;9.2024;Private Haushalte;Bioethanol;TJ;2015;34546.146
Verkehr und Umwelt;Deutschland insgesamt;Energieverbrauch im Straßenverkehr, Energieträger in tiefer Gliederung, Übersicht;9.2024;Private Haushalte;Diesel;TJ;2015;581285.346
Verkehr und Umwelt;Deutschland insgesamt;Energieverbrauch im Straßenverkehr, Energieträger in tiefer Gliederung, Übersicht;9.2024;Private Haushalte;Biodiesel;TJ;2015;31796.524
Verkehr und Umwelt;Deutschland insgesamt;Energieverbrauch im Straßenverkehr, Energieträger in tiefer Gliederung, Übersicht;9.2024;Private Haushalte;Erdgas;TJ;2015;2126.074
Verkehr und Umwelt;Deutschland insgesamt;Energieverbrauch im Straßenverkehr, Energieträger in tiefer Gliederung, Übersicht;9.2024;Private Haushalte;Flüssiggas (Autogas);TJ;2015;21063.662
Verkehr und Umwelt;Deutschland insgesamt;Energieverbrauch im Straßenverkehr, Energieträger in tiefer Gliederung, Übersicht;9.2024;Private Haushalte;Biogas (Biomethan);TJ;2015;358.029
Verkehr und Umwelt;Deutschland insgesamt;Energieverbrauch im Straßenverkehr, Energieträger in tiefer Gliederung, Übersicht;9.2024;Private Haushalte;Strom;TJ;2015;105.894
Verkehr und Umwelt;Deutschland insgesamt;Energieverbrauch im Straßenverkehr, Energieträger in tiefer Gliederung, Übersicht;9.2024;Private Haushalte;Energieverbrauch der Inländer insgesamt;TJ;2015;1444703.12
Verkehr und Umwelt;Deutschland insgesamt;Energieverbrauch im Straßenverkehr, Energieträger in tiefer Gliederung, Übersicht;9.2024;Insgesamt;Benzin;TJ;2015;803541.16
Verkehr und Umwelt;Deutschland insgesamt;Energieverbrauch im Straßenverkehr, Energieträger in tiefer Gliederung, Übersicht;9.2024;Insgesamt;Bioethanol;TJ;2015;35891.299
Verkehr und Umwelt;Deutschland insgesamt;Energieverbrauch im Straßenverkehr, Energieträger in tiefer Gliederung, Übersicht;9.2024;Insgesamt;Diesel;TJ;2015;1271165.938
Verkehr und Umwelt;Deutschland insgesamt;Energieverbrauch im Straßenverkehr, Energieträger in tiefer Gliederung, Übersicht;9.2024;Insgesamt;Biodiesel;TJ;2015;69532.893
Verkehr und Umwelt;Deutschland insgesamt;Energieverbrauch im Straßenverkehr, Energieträger in tiefer Gliederung, Übersicht;9.2024;Insgesamt;Erdgas;TJ;2015;4835.059
Verkehr und Umwelt;Deutschland insgesamt;Energieverbrauch im Straßenverkehr, Energieträger in tiefer Gliederung, Übersicht;9.2024;Insgesamt;Flüssiggas (Autogas);TJ;2015;22017.132
Verkehr und Umwelt;Deutschland insgesamt;Energieverbrauch im Straßenverkehr, Energieträger in tiefer Gliederung, Übersicht;9.2024;Insgesamt;Biogas (Biomethan);TJ;2015;806.845
Verkehr und Umwelt;Deutschland insgesamt;Energieverbrauch im Straßenverkehr, Energieträger in tiefer Gliederung, Übersicht;9.2024;Insgesamt;Strom;TJ;2015;342.787
Verkehr und Umwelt;Deutschland insgesamt;Energieverbrauch im Straßenverkehr, Energieträger in tiefer Gliederung, Übersicht;9.2024;Insgesamt;Energieverbrauch der Inländer insgesamt;TJ;2015;2208133.112
Verkehr und Umwelt;Deutschland insgesamt;Energieverbrauch im Straßenverkehr, Energieträger in tiefer Gliederung, Übersicht;9.2024;Alle Wirtschaftszweige;Benzin;TJ;2016;31154.216
Verkehr und Umwelt;Deutschland insgesamt;Energieverbrauch im Straßenverkehr, Energieträger in tiefer Gliederung, Übersicht;9.2024;Alle Wirtschaftszweige;Bioethanol;TJ;2016;1393.451
Verkehr und Umwelt;Deutschland insgesamt;Energieverbrauch im Straßenverkehr, Energieträger in tiefer Gliederung, Übersicht;9.2024;Alle Wirtschaftszweige;Diesel;TJ;2016;700313.785
Verkehr und Umwelt;Deutschland insgesamt;Energieverbrauch im Straßenverkehr, Energieträger in tiefer Gliederung, Übersicht;9.2024;Alle Wirtschaftszweige;Biodiesel;TJ;2016;37126.697
Verkehr und Umwelt;Deutschland insgesamt;Energieverbrauch im Straßenverkehr, Energieträger in tiefer Gliederung, Übersicht;9.2024;Alle Wirtschaftszweige;Erdgas;TJ;2016;2352.468
Verkehr und Umwelt;Deutschland insgesamt;Energieverbrauch im Straßenverkehr, Energieträger in tiefer Gliederung, Übersicht;9.2024;Alle Wirtschaftszweige;Flüssiggas (Autogas);TJ;2016;847.93
Verkehr und Umwelt;Deutschland insgesamt;Energieverbrauch im Straßenverkehr, Energieträger in tiefer Gliederung, Übersicht;9.2024;Alle Wirtschaftszweige;Biogas (Biomethan);TJ;2016;540.063
Verkehr und Umwelt;Deutschland insgesamt;Energieverbrauch im Straßenverkehr, Energieträger in tiefer Gliederung, Übersicht;9.2024;Alle Wirtschaftszweige;Strom;TJ;2016;307.554
Verkehr und Umwelt;Deutschland insgesamt;Energieverbrauch im Straßenverkehr, Energieträger in tiefer Gliederung, Übersicht;9.2024;Alle Wirtschaftszweige;Energieverbrauch der Inländer insgesamt;TJ;2016;774036.163
Verkehr und Umwelt;Deutschland insgesamt;Energieverbrauch im Straßenverkehr, Energieträger in tiefer Gliederung, Übersicht;9.2024;Private Haushalte;Benzin;TJ;2016;762473.096
Verkehr und Umwelt;Deutschland insgesamt;Energieverbrauch im Straßenverkehr, Energieträger in tiefer Gliederung, Übersicht;9.2024;Private Haushalte;Bioethanol;TJ;2016;34108.339
Verkehr und Umwelt;Deutschland insgesamt;Energieverbrauch im Straßenverkehr, Energieträger in tiefer Gliederung, Übersicht;9.2024;Private Haushalte;Diesel;TJ;2016;601250.94
Verkehr und Umwelt;Deutschland insgesamt;Energieverbrauch im Straßenverkehr, Energieträger in tiefer Gliederung, Übersicht;9.2024;Private Haushalte;Biodiesel;TJ;2016;31875.25
Verkehr und Umwelt;Deutschland insgesamt;Energieverbrauch im Straßenverkehr, Energieträger in tiefer Gliederung, Übersicht;9.2024;Private Haushalte;Erdgas;TJ;2016;1979.943
Verkehr und Umwelt;Deutschland insgesamt;Energieverbrauch im Straßenverkehr, Energieträger in tiefer Gliederung, Übersicht;9.2024;Private Haushalte;Flüssiggas (Autogas);TJ;2016;19884.887
Verkehr und Umwelt;Deutschland insgesamt;Energieverbrauch im Straßenverkehr, Energieträger in tiefer Gliederung, Übersicht;9.2024;Private Haushalte;Biogas (Biomethan);TJ;2016;464.952
Verkehr und Umwelt;Deutschland insgesamt;Energieverbrauch im Straßenverkehr, Energieträger in tiefer Gliederung, Übersicht;9.2024;Private Haushalte;Strom;TJ;2016;162.219
Verkehr und Umwelt;Deutschland insgesamt;Energieverbrauch im Straßenverkehr, Energieträger in tiefer Gliederung, Übersicht;9.2024;Private Haushalte;Energieverbrauch der Inländer insgesamt;TJ;2016;1452199.624
Verkehr und Umwelt;Deutschland insgesamt;Energieverbrauch im Straßenverkehr, Energieträger in tiefer Gliederung, Übersicht;9.2024;Insgesamt;Benzin;TJ;2016;793627.311
Verkehr und Umwelt;Deutschland insgesamt;Energieverbrauch im Straßenverkehr, Energieträger in tiefer Gliederung, Übersicht;9.2024;Insgesamt;Bioethanol;TJ;2016;35501.791
Verkehr und Umwelt;Deutschland insgesamt;Energieverbrauch im Straßenverkehr, Energieträger in tiefer Gliederung, Übersicht;9.2024;Insgesamt;Diesel;TJ;2016;1301564.724
Verkehr und Umwelt;Deutschland insgesamt;Energieverbrauch im Straßenverkehr, Energieträger in tiefer Gliederung, Übersicht;9.2024;Insgesamt;Biodiesel;TJ;2016;69001.946
Verkehr und Umwelt;Deutschland insgesamt;Energieverbrauch im Straßenverkehr, Energieträger in tiefer Gliederung, Übersicht;9.2024;Insgesamt;Erdgas;TJ;2016;4332.411
Verkehr und Umwelt;Deutschland insgesamt;Energieverbrauch im Straßenverkehr, Energieträger in tiefer Gliederung, Übersicht;9.2024;Insgesamt;Flüssiggas (Autogas);TJ;2016;20732.817
Verkehr und Umwelt;Deutschland insgesamt;Energieverbrauch im Straßenverkehr, Energieträger in tiefer Gliederung, Übersicht;9.2024;Insgesamt;Biogas (Biomethan);TJ;2016;1005.015
Verkehr und Umwelt;Deutschland insgesamt;Energieverbrauch im Straßenverkehr, Energieträger in tiefer Gliederung, Übersicht;9.2024;Insgesamt;Strom;TJ;2016;469.772
Verkehr und Umwelt;Deutschland insgesamt;Energieverbrauch im Straßenverkehr, Energieträger in tiefer Gliederung, Übersicht;9.2024;Insgesamt;Energieverbrauch der Inländer insgesamt;TJ;2016;2226235.788
Verkehr und Umwelt;Deutschland insgesamt;Energieverbrauch im Straßenverkehr, Energieträger in tiefer Gliederung, Übersicht;9.2024;Alle Wirtschaftszweige;Benzin;TJ;2017;33279.549
Verkehr und Umwelt;Deutschland insgesamt;Energieverbrauch im Straßenverkehr, Energieträger in tiefer Gliederung, Übersicht;9.2024;Alle Wirtschaftszweige;Bioethanol;TJ;2017;1444.761
Verkehr und Umwelt;Deutschland insgesamt;Energieverbrauch im Straßenverkehr, Energieträger in tiefer Gliederung, Übersicht;9.2024;Alle Wirtschaftszweige;Diesel;TJ;2017;708062.228
Verkehr und Umwelt;Deutschland insgesamt;Energieverbrauch im Straßenverkehr, Energieträger in tiefer Gliederung, Übersicht;9.2024;Alle Wirtschaftszweige;Biodiesel;TJ;2017;37799.232
Verkehr und Umwelt;Deutschland insgesamt;Energieverbrauch im Straßenverkehr, Energieträger in tiefer Gliederung, Übersicht;9.2024;Alle Wirtschaftszweige;Erdgas;TJ;2017;2043.145
Verkehr und Umwelt;Deutschland insgesamt;Energieverbrauch im Straßenverkehr, Energieträger in tiefer Gliederung, Übersicht;9.2024;Alle Wirtschaftszweige;Flüssiggas (Autogas);TJ;2017;751.273
Verkehr und Umwelt;Deutschland insgesamt;Energieverbrauch im Straßenverkehr, Energieträger in tiefer Gliederung, Übersicht;9.2024;Alle Wirtschaftszweige;Biogas (Biomethan);TJ;2017;607.405
Verkehr und Umwelt;Deutschland insgesamt;Energieverbrauch im Straßenverkehr, Energieträger in tiefer Gliederung, Übersicht;9.2024;Alle Wirtschaftszweige;Strom;TJ;2017;432.69
Verkehr und Umwelt;Deutschland insgesamt;Energieverbrauch im Straßenverkehr, Energieträger in tiefer Gliederung, Übersicht;9.2024;Alle Wirtschaftszweige;Energieverbrauch der Inländer insgesamt;TJ;2017;784420.282
Verkehr und Umwelt;Deutschland insgesamt;Energieverbrauch im Straßenverkehr, Energieträger in tiefer Gliederung, Übersicht;9.2024;Private Haushalte;Benzin;TJ;2017;759396.865
Verkehr und Umwelt;Deutschland insgesamt;Energieverbrauch im Straßenverkehr, Energieträger in tiefer Gliederung, Übersicht;9.2024;Private Haushalte;Bioethanol;TJ;2017;32972.061
Verkehr und Umwelt;Deutschland insgesamt;Energieverbrauch im Straßenverkehr, Energieträger in tiefer Gliederung, Übersicht;9.2024;Private Haushalte;Diesel;TJ;2017;611276.962
Verkehr und Umwelt;Deutschland insgesamt;Energieverbrauch im Straßenverkehr, Energieträger in tiefer Gliederung, Übersicht;9.2024;Private Haushalte;Biodiesel;TJ;2017;32632.747
Verkehr und Umwelt;Deutschland insgesamt;Energieverbrauch im Straßenverkehr, Energieträger in tiefer Gliederung, Übersicht;9.2024;Private Haushalte;Erdgas;TJ;2017;1834.952
Verkehr und Umwelt;Deutschland insgesamt;Energieverbrauch im Straßenverkehr, Energieträger in tiefer Gliederung, Übersicht;9.2024;Private Haushalte;Flüssiggas (Autogas);TJ;2017;18563.706
Verkehr und Umwelt;Deutschland insgesamt;Energieverbrauch im Straßenverkehr, Energieträger in tiefer Gliederung, Übersicht;9.2024;Private Haushalte;Biogas (Biomethan);TJ;2017;569.784
Verkehr und Umwelt;Deutschland insgesamt;Energieverbrauch im Straßenverkehr, Energieträger in tiefer Gliederung, Übersicht;9.2024;Private Haushalte;Strom;TJ;2017;282.569
Verkehr und Umwelt;Deutschland insgesamt;Energieverbrauch im Straßenverkehr, Energieträger in tiefer Gliederung, Übersicht;9.2024;Private Haushalte;Energieverbrauch der Inländer insgesamt;TJ;2017;1457529.645
Verkehr und Umwelt;Deutschland insgesamt;Energieverbrauch im Straßenverkehr, Energieträger in tiefer Gliederung, Übersicht;9.2024;Insgesamt;Benzin;TJ;2017;792676.413
Verkehr und Umwelt;Deutschland insgesamt;Energieverbrauch im Straßenverkehr, Energieträger in tiefer Gliederung, Übersicht;9.2024;Insgesamt;Bioethanol;TJ;2017;34416.821
Verkehr und Umwelt;Deutschland insgesamt;Energieverbrauch im Straßenverkehr, Energieträger in tiefer Gliederung, Übersicht;9.2024;Insgesamt;Diesel;TJ;2017;1319339.19
Verkehr und Umwelt;Deutschland insgesamt;Energieverbrauch im Straßenverkehr, Energieträger in tiefer Gliederung, Übersicht;9.2024;Insgesamt;Biodiesel;TJ;2017;70431.98
Verkehr und Umwelt;Deutschland insgesamt;Energieverbrauch im Straßenverkehr, Energieträger in tiefer Gliederung, Übersicht;9.2024;Insgesamt;Erdgas;TJ;2017;3878.097
Verkehr und Umwelt;Deutschland insgesamt;Energieverbrauch im Straßenverkehr, Energieträger in tiefer Gliederung, Übersicht;9.2024;Insgesamt;Flüssiggas (Autogas);TJ;2017;19314.978
Verkehr und Umwelt;Deutschland insgesamt;Energieverbrauch im Straßenverkehr, Energieträger in tiefer Gliederung, Übersicht;9.2024;Insgesamt;Biogas (Biomethan);TJ;2017;1177.189
Verkehr und Umwelt;Deutschland insgesamt;Energieverbrauch im Straßenverkehr, Energieträger in tiefer Gliederung, Übersicht;9.2024;Insgesamt;Strom;TJ;2017;715.259
Verkehr und Umwelt;Deutschland insgesamt;Energieverbrauch im Straßenverkehr, Energieträger in tiefer Gliederung, Übersicht;9.2024;Insgesamt;Energieverbrauch der Inländer insgesamt;TJ;2017;2241949.927
Verkehr und Umwelt;Deutschland insgesamt;Energieverbrauch im Straßenverkehr, Energieträger in tiefer Gliederung, Übersicht;9.2024;Alle Wirtschaftszweige;Benzin;TJ;2018;36330.0
Verkehr und Umwelt;Deutschland insgesamt;Energieverbrauch im Straßenverkehr, Energieträger in tiefer Gliederung, Übersicht;9.2024;Alle Wirtschaftszweige;Bioethanol;TJ;2018;1682.132
Verkehr und Umwelt;Deutschland insgesamt;Energieverbrauch im Straßenverkehr, Energieträger in tiefer Gliederung, Übersicht;9.2024;Alle Wirtschaftszweige;Diesel;TJ;2018;706931.342
Verkehr und Umwelt;Deutschland insgesamt;Energieverbrauch im Straßenverkehr, Energieträger in tiefer Gliederung, Übersicht;9.2024;Alle Wirtschaftszweige;Biodiesel;TJ;2018;41092.459
Verkehr und Umwelt;Deutschland insgesamt;Energieverbrauch im Straßenverkehr, Energieträger in tiefer Gliederung, Übersicht;9.2024;Alle Wirtschaftszweige;Erdgas;TJ;2018;2039.384
Verkehr und Umwelt;Deutschland insgesamt;Energieverbrauch im Straßenverkehr, Energieträger in tiefer Gliederung, Übersicht;9.2024;Alle Wirtschaftszweige;Flüssiggas (Autogas);TJ;2018;678.049
Verkehr und Umwelt;Deutschland insgesamt;Energieverbrauch im Straßenverkehr, Energieträger in tiefer Gliederung, Übersicht;9.2024;Alle Wirtschaftszweige;Biogas (Biomethan);TJ;2018;505.717
Verkehr und Umwelt;Deutschland insgesamt;Energieverbrauch im Straßenverkehr, Energieträger in tiefer Gliederung, Übersicht;9.2024;Alle Wirtschaftszweige;Strom;TJ;2018;616.058
Verkehr und Umwelt;Deutschland insgesamt;Energieverbrauch im Straßenverkehr, Energieträger in tiefer Gliederung, Übersicht;9.2024;Alle Wirtschaftszweige;Energieverbrauch der Inländer insgesamt;TJ;2018;789875.14
Verkehr und Umwelt;Deutschland insgesamt;Energieverbrauch im Straßenverkehr, Energieträger in tiefer Gliederung, Übersicht;9.2024;Private Haushalte;Benzin;TJ;2018;755383.468
Verkehr und Umwelt;Deutschland insgesamt;Energieverbrauch im Straßenverkehr, Energieträger in tiefer Gliederung, Übersicht;9.2024;Private Haushalte;Bioethanol;TJ;2018;34979.392
Verkehr und Umwelt;Deutschland insgesamt;Energieverbrauch im Straßenverkehr, Energieträger in tiefer Gliederung, Übersicht;9.2024;Private Haushalte;Diesel;TJ;2018;605402.015
Verkehr und Umwelt;Deutschland insgesamt;Energieverbrauch im Straßenverkehr, Energieträger in tiefer Gliederung, Übersicht;9.2024;Private Haushalte;Biodiesel;TJ;2018;35191.104
Verkehr und Umwelt;Deutschland insgesamt;Energieverbrauch im Straßenverkehr, Energieträger in tiefer Gliederung, Übersicht;9.2024;Private Haushalte;Erdgas;TJ;2018;1936.67
Verkehr und Umwelt;Deutschland insgesamt;Energieverbrauch im Straßenverkehr, Energieträger in tiefer Gliederung, Übersicht;9.2024;Private Haushalte;Flüssiggas (Autogas);TJ;2018;17199.897
Verkehr und Umwelt;Deutschland insgesamt;Energieverbrauch im Straßenverkehr, Energieträger in tiefer Gliederung, Übersicht;9.2024;Private Haushalte;Biogas (Biomethan);TJ;2018;520.64
Verkehr und Umwelt;Deutschland insgesamt;Energieverbrauch im Straßenverkehr, Energieträger in tiefer Gliederung, Übersicht;9.2024;Private Haushalte;Strom;TJ;2018;479.029
Verkehr und Umwelt;Deutschland insgesamt;Energieverbrauch im Straßenverkehr, Energieträger in tiefer Gliederung, Übersicht;9.2024;Private Haushalte;Energieverbrauch der Inländer insgesamt;TJ;2018;1451092.214
Verkehr und Umwelt;Deutschland insgesamt;Energieverbrauch im Straßenverkehr, Energieträger in tiefer Gliederung, Übersicht;9.2024;Insgesamt;Benzin;TJ;2018;791713.468
Verkehr und Umwelt;Deutschland insgesamt;Energieverbrauch im Straßenverkehr, Energieträger in tiefer Gliederung, Übersicht;9.2024;Insgesamt;Bioethanol;TJ;2018;36661.524
Verkehr und Umwelt;Deutschland insgesamt;Energieverbrauch im Straßenverkehr, Energieträger in tiefer Gliederung, Übersicht;9.2024;Insgesamt;Diesel;TJ;2018;1312333.358
Verkehr und Umwelt;Deutschland insgesamt;Energieverbrauch im Straßenverkehr, Energieträger in tiefer Gliederung, Übersicht;9.2024;Insgesamt;Biodiesel;TJ;2018;76283.563
Verkehr und Umwelt;Deutschland insgesamt;Energieverbrauch im Straßenverkehr, Energieträger in tiefer Gliederung, Übersicht;9.2024;Insgesamt;Erdgas;TJ;2018;3976.053
Verkehr und Umwelt;Deutschland insgesamt;Energieverbrauch im Straßenverkehr, Energieträger in tiefer Gliederung, Übersicht;9.2024;Insgesamt;Flüssiggas (Autogas);TJ;2018;17877.946
Verkehr und Umwelt;Deutschland insgesamt;Energieverbrauch im Straßenverkehr, Energieträger in tiefer Gliederung, Übersicht;9.2024;Insgesamt;Biogas (Biomethan);TJ;2018;1026.357
Verkehr und Umwelt;Deutschland insgesamt;Energieverbrauch im Straßenverkehr, Energieträger in tiefer Gliederung, Übersicht;9.2024;Insgesamt;Strom;TJ;2018;1095.086
Verkehr und Umwelt;Deutschland insgesamt;Energieverbrauch im Straßenverkehr, Energieträger in tiefer Gliederung, Übersicht;9.2024;Insgesamt;Energieverbrauch der Inländer insgesamt;TJ;2018;2240967.355
Verkehr und Umwelt;Deutschland insgesamt;Energieverbrauch im Straßenverkehr, Energieträger in tiefer Gliederung, Übersicht;9.2024;Alle Wirtschaftszweige;Benzin;TJ;2019;40302.637
Verkehr und Umwelt;Deutschland insgesamt;Energieverbrauch im Straßenverkehr, Energieträger in tiefer Gliederung, Übersicht;9.2024;Alle Wirtschaftszweige;Bioethanol;TJ;2019;1789.964
Verkehr und Umwelt;Deutschland insgesamt;Energieverbrauch im Straßenverkehr, Energieträger in tiefer Gliederung, Übersicht;9.2024;Alle Wirtschaftszweige;Diesel;TJ;2019;703932.194
Verkehr und Umwelt;Deutschland insgesamt;Energieverbrauch im Straßenverkehr, Energieträger in tiefer Gliederung, Übersicht;9.2024;Alle Wirtschaftszweige;Biodiesel;TJ;2019;40080.069
Verkehr und Umwelt;Deutschland insgesamt;Energieverbrauch im Straßenverkehr, Energieträger in tiefer Gliederung, Übersicht;9.2024;Alle Wirtschaftszweige;Erdgas;TJ;2019;2289.916
Verkehr und Umwelt;Deutschland insgesamt;Energieverbrauch im Straßenverkehr, Energieträger in tiefer Gliederung, Übersicht;9.2024;Alle Wirtschaftszweige;Flüssiggas (Autogas);TJ;2019;633.782
Verkehr und Umwelt;Deutschland insgesamt;Energieverbrauch im Straßenverkehr, Energieträger in tiefer Gliederung, Übersicht;9.2024;Alle Wirtschaftszweige;Biogas (Biomethan);TJ;2019;728.355
Verkehr und Umwelt;Deutschland insgesamt;Energieverbrauch im Straßenverkehr, Energieträger in tiefer Gliederung, Übersicht;9.2024;Alle Wirtschaftszweige;Strom;TJ;2019;956.765
Verkehr und Umwelt;Deutschland insgesamt;Energieverbrauch im Straßenverkehr, Energieträger in tiefer Gliederung, Übersicht;9.2024;Alle Wirtschaftszweige;Energieverbrauch der Inländer insgesamt;TJ;2019;790713.681
Verkehr und Umwelt;Deutschland insgesamt;Energieverbrauch im Straßenverkehr, Energieträger in tiefer Gliederung, Übersicht;9.2024;Private Haushalte;Benzin;TJ;2019;761639.207
Verkehr und Umwelt;Deutschland insgesamt;Energieverbrauch im Straßenverkehr, Energieträger in tiefer Gliederung, Übersicht;9.2024;Private Haushalte;Bioethanol;TJ;2019;33830.442
Verkehr und Umwelt;Deutschland insgesamt;Energieverbrauch im Straßenverkehr, Energieträger in tiefer Gliederung, Übersicht;9.2024;Private Haushalte;Diesel;TJ;2019;605267.709
Verkehr und Umwelt;Deutschland insgesamt;Energieverbrauch im Straßenverkehr, Energieträger in tiefer Gliederung, Übersicht;9.2024;Private Haushalte;Biodiesel;TJ;2019;34462.708
Verkehr und Umwelt;Deutschland insgesamt;Energieverbrauch im Straßenverkehr, Energieträger in tiefer Gliederung, Übersicht;9.2024;Private Haushalte;Erdgas;TJ;2019;1743.591
Verkehr und Umwelt;Deutschland insgesamt;Energieverbrauch im Straßenverkehr, Energieträger in tiefer Gliederung, Übersicht;9.2024;Private Haushalte;Flüssiggas (Autogas);TJ;2019;16065.742
Verkehr und Umwelt;Deutschland insgesamt;Energieverbrauch im Straßenverkehr, Energieträger in tiefer Gliederung, Übersicht;9.2024;Private Haushalte;Biogas (Biomethan);TJ;2019;796.786
Verkehr und Umwelt;Deutschland insgesamt;Energieverbrauch im Straßenverkehr, Energieträger in tiefer Gliederung, Übersicht;9.2024;Private Haushalte;Strom;TJ;2019;731.242
Verkehr und Umwelt;Deutschland insgesamt;Energieverbrauch im Straßenverkehr, Energieträger in tiefer Gliederung, Übersicht;9.2024;Private Haushalte;Energieverbrauch der Inländer insgesamt;TJ;2019;1454537.426
Verkehr und Umwelt;Deutschland insgesamt;Energieverbrauch im Straßenverkehr, Energieträger in tiefer Gliederung, Übersicht;9.2024;Insgesamt;Benzin;TJ;2019;801941.844
Verkehr und Umwelt;Deutschland insgesamt;Energieverbrauch im Straßenverkehr, Energieträger in tiefer Gliederung, Übersicht;9.2024;Insgesamt;Bioethanol;TJ;2019;35620.406
Verkehr und Umwelt;Deutschland insgesamt;Energieverbrauch im Straßenverkehr, Energieträger in tiefer Gliederung, Übersicht;9.2024;Insgesamt;Diesel;TJ;2019;1309199.902
Verkehr und Umwelt;Deutschland insgesamt;Energieverbrauch im Straßenverkehr, Energieträger in tiefer Gliederung, Übersicht;9.2024;Insgesamt;Biodiesel;TJ;2019;74542.778
Verkehr und Umwelt;Deutschland insgesamt;Energieverbrauch im Straßenverkehr, Energieträger in tiefer Gliederung, Übersicht;9.2024;Insgesamt;Erdgas;TJ;2019;4033.507
Verkehr und Umwelt;Deutschland insgesamt;Energieverbrauch im Straßenverkehr, Energieträger in tiefer Gliederung, Übersicht;9.2024;Insgesamt;Flüssiggas (Autogas);TJ;2019;16699.524
Verkehr und Umwelt;Deutschland insgesamt;Energieverbrauch im Straßenverkehr, Energieträger in tiefer Gliederung, Übersicht;9.2024;Insgesamt;Biogas (Biomethan);TJ;2019;1525.141
Verkehr und Umwelt;Deutschland insgesamt;Energieverbrauch im Straßenverkehr, Energieträger in tiefer Gliederung, Übersicht;9.2024;Insgesamt;Strom;TJ;2019;1688.007
Verkehr und Umwelt;Deutschland insgesamt;Energieverbrauch im Straßenverkehr, Energieträger in tiefer Gliederung, Übersicht;9.2024;Insgesamt;Energieverbrauch der Inländer insgesamt;TJ;2019;2245251.107
Verkehr und Umwelt;Deutschland insgesamt;Energieverbrauch im Straßenverkehr, Energieträger in tiefer Gliederung, Übersicht;9.2024;Alle Wirtschaftszweige;Benzin;TJ;2020;37272.576
Verkehr und Umwelt;Deutschland insgesamt;Energieverbrauch im Straßenverkehr, Energieträger in tiefer Gliederung, Übersicht;9.2024;Alle Wirtschaftszweige;Bioethanol;TJ;2020;1752.3
Verkehr und Umwelt;Deutschland insgesamt;Energieverbrauch im Straßenverkehr, Energieträger in tiefer Gliederung, Übersicht;9.2024;Alle Wirtschaftszweige;Diesel;TJ;2020;630232.464
Verkehr und Umwelt;Deutschland insgesamt;Energieverbrauch im Straßenverkehr, Energieträger in tiefer Gliederung, Übersicht;9.2024;Alle Wirtschaftszweige;Biodiesel;TJ;2020;52351.402
Verkehr und Umwelt;Deutschland insgesamt;Energieverbrauch im Straßenverkehr, Energieträger in tiefer Gliederung, Übersicht;9.2024;Alle Wirtschaftszweige;Erdgas;TJ;2020;3517.035
Verkehr und Umwelt;Deutschland insgesamt;Energieverbrauch im Straßenverkehr, Energieträger in tiefer Gliederung, Übersicht;9.2024;Alle Wirtschaftszweige;Flüssiggas (Autogas);TJ;2020;515.257
Verkehr und Umwelt;Deutschland insgesamt;Energieverbrauch im Straßenverkehr, Energieträger in tiefer Gliederung, Übersicht;9.2024;Alle Wirtschaftszweige;Biogas (Biomethan);TJ;2020;647.106
Verkehr und Umwelt;Deutschland insgesamt;Energieverbrauch im Straßenverkehr, Energieträger in tiefer Gliederung, Übersicht;9.2024;Alle Wirtschaftszweige;Strom;TJ;2020;1608.868
Verkehr und Umwelt;Deutschland insgesamt;Energieverbrauch im Straßenverkehr, Energieträger in tiefer Gliederung, Übersicht;9.2024;Alle Wirtschaftszweige;Energieverbrauch der Inländer insgesamt;TJ;2020;727897.008
Verkehr und Umwelt;Deutschland insgesamt;Energieverbrauch im Straßenverkehr, Energieträger in tiefer Gliederung, Übersicht;9.2024;Private Haushalte;Benzin;TJ;2020;666837.345
Verkehr und Umwelt;Deutschland insgesamt;Energieverbrauch im Straßenverkehr, Energieträger in tiefer Gliederung, Übersicht;9.2024;Private Haushalte;Bioethanol;TJ;2020;31353.815
Verkehr und Umwelt;Deutschland insgesamt;Energieverbrauch im Straßenverkehr, Energieträger in tiefer Gliederung, Übersicht;9.2024;Private Haushalte;Diesel;TJ;2020;500341.614
Verkehr und Umwelt;Deutschland insgesamt;Energieverbrauch im Straßenverkehr, Energieträger in tiefer Gliederung, Übersicht;9.2024;Private Haushalte;Biodiesel;TJ;2020;41562.089
Verkehr und Umwelt;Deutschland insgesamt;Energieverbrauch im Straßenverkehr, Energieträger in tiefer Gliederung, Übersicht;9.2024;Private Haushalte;Erdgas;TJ;2020;1552.158
Verkehr und Umwelt;Deutschland insgesamt;Energieverbrauch im Straßenverkehr, Energieträger in tiefer Gliederung, Übersicht;9.2024;Private Haushalte;Flüssiggas (Autogas);TJ;2020;13032.534
Verkehr und Umwelt;Deutschland insgesamt;Energieverbrauch im Straßenverkehr, Energieträger in tiefer Gliederung, Übersicht;9.2024;Private Haushalte;Biogas (Biomethan);TJ;2020;711.4
Verkehr und Umwelt;Deutschland insgesamt;Energieverbrauch im Straßenverkehr, Energieträger in tiefer Gliederung, Übersicht;9.2024;Private Haushalte;Strom;TJ;2020;1274.265
Verkehr und Umwelt;Deutschland insgesamt;Energieverbrauch im Straßenverkehr, Energieträger in tiefer Gliederung, Übersicht;9.2024;Private Haushalte;Energieverbrauch der Inländer insgesamt;TJ;2020;1256665.221
Verkehr und Umwelt;Deutschland insgesamt;Energieverbrauch im Straßenverkehr, Energieträger in tiefer Gliederung, Übersicht;9.2024;Insgesamt;Benzin;TJ;2020;704109.921
Verkehr und Umwelt;Deutschland insgesamt;Energieverbrauch im Straßenverkehr, Energieträger in tiefer Gliederung, Übersicht;9.2024;Insgesamt;Bioethanol;TJ;2020;33106.115
Verkehr und Umwelt;Deutschland insgesamt;Energieverbrauch im Straßenverkehr, Energieträger in tiefer Gliederung, Übersicht;9.2024;Insgesamt;Diesel;TJ;2020;1130574.078
Verkehr und Umwelt;Deutschland insgesamt;Energieverbrauch im Straßenverkehr, Energieträger in tiefer Gliederung, Übersicht;9.2024;Insgesamt;Biodiesel;TJ;2020;93913.491
Verkehr und Umwelt;Deutschland insgesamt;Energieverbrauch im Straßenverkehr, Energieträger in tiefer Gliederung, Übersicht;9.2024;Insgesamt;Erdgas;TJ;2020;5069.193
Verkehr und Umwelt;Deutschland insgesamt;Energieverbrauch im Straßenverkehr, Energieträger in tiefer Gliederung, Übersicht;9.2024;Insgesamt;Flüssiggas (Autogas);TJ;2020;13547.791
Verkehr und Umwelt;Deutschland insgesamt;Energieverbrauch im Straßenverkehr, Energieträger in tiefer Gliederung, Übersicht;9.2024;Insgesamt;Biogas (Biomethan);TJ;2020;1358.506
Verkehr und Umwelt;Deutschland insgesamt;Energieverbrauch im Straßenverkehr, Energieträger in tiefer Gliederung, Übersicht;9.2024;Insgesamt;Strom;TJ;2020;2883.133
Verkehr und Umwelt;Deutschland insgesamt;Energieverbrauch im Straßenverkehr, Energieträger in tiefer Gliederung, Übersicht;9.2024;Insgesamt;Energieverbrauch der Inländer insgesamt;TJ;2020;1984562.229
Verkehr und Umwelt;Deutschland insgesamt;Energieverbrauch im Straßenverkehr, Energieträger in tiefer Gliederung, Übersicht;9.2024;Alle Wirtschaftszweige;Benzin;TJ;2021;38819.359
Verkehr und Umwelt;Deutschland insgesamt;Energieverbrauch im Straßenverkehr, Energieträger in tiefer Gliederung, Übersicht;9.2024;Alle Wirtschaftszweige;Bioethanol;TJ;2021;1901.686
Verkehr und Umwelt;Deutschland insgesamt;Energieverbrauch im Straßenverkehr, Energieträger in tiefer Gliederung, Übersicht;9.2024;Alle Wirtschaftszweige;Diesel;TJ;2021;622257.935
Verkehr und Umwelt;Deutschland insgesamt;Energieverbrauch im Straßenverkehr, Energieträger in tiefer Gliederung, Übersicht;9.2024;Alle Wirtschaftszweige;Biodiesel;TJ;2021;43228.617
Verkehr und Umwelt;Deutschland insgesamt;Energieverbrauch im Straßenverkehr, Energieträger in tiefer Gliederung, Übersicht;9.2024;Alle Wirtschaftszweige;Erdgas;TJ;2021;6366.77
Verkehr und Umwelt;Deutschland insgesamt;Energieverbrauch im Straßenverkehr, Energieträger in tiefer Gliederung, Übersicht;9.2024;Alle Wirtschaftszweige;Flüssiggas (Autogas);TJ;2021;469.459
Verkehr und Umwelt;Deutschland insgesamt;Energieverbrauch im Straßenverkehr, Energieträger in tiefer Gliederung, Übersicht;9.2024;Alle Wirtschaftszweige;Biogas (Biomethan);TJ;2021;632.109
Verkehr und Umwelt;Deutschland insgesamt;Energieverbrauch im Straßenverkehr, Energieträger in tiefer Gliederung, Übersicht;9.2024;Alle Wirtschaftszweige;Strom;TJ;2021;2751.622
Verkehr und Umwelt;Deutschland insgesamt;Energieverbrauch im Straßenverkehr, Energieträger in tiefer Gliederung, Übersicht;9.2024;Alle Wirtschaftszweige;Energieverbrauch der Inländer insgesamt;TJ;2021;716427.558
Verkehr und Umwelt;Deutschland insgesamt;Energieverbrauch im Straßenverkehr, Energieträger in tiefer Gliederung, Übersicht;9.2024;Private Haushalte;Benzin;TJ;2021;647375.295
Verkehr und Umwelt;Deutschland insgesamt;Energieverbrauch im Straßenverkehr, Energieträger in tiefer Gliederung, Übersicht;9.2024;Private Haushalte;Bioethanol;TJ;2021;31717.184
Verkehr und Umwelt;Deutschland insgesamt;Energieverbrauch im Straßenverkehr, Energieträger in tiefer Gliederung, Übersicht;9.2024;Private Haushalte;Diesel;TJ;2021;508447.933
Verkehr und Umwelt;Deutschland insgesamt;Energieverbrauch im Straßenverkehr, Energieträger in tiefer Gliederung, Übersicht;9.2024;Private Haushalte;Biodiesel;TJ;2021;35322.506
Verkehr und Umwelt;Deutschland insgesamt;Energieverbrauch im Straßenverkehr, Energieträger in tiefer Gliederung, Übersicht;9.2024;Private Haushalte;Erdgas;TJ;2021;1507.05
Verkehr und Umwelt;Deutschland insgesamt;Energieverbrauch im Straßenverkehr, Energieträger in tiefer Gliederung, Übersicht;9.2024;Private Haushalte;Flüssiggas (Autogas);TJ;2021;11730.552
Verkehr und Umwelt;Deutschland insgesamt;Energieverbrauch im Straßenverkehr, Energieträger in tiefer Gliederung, Übersicht;9.2024;Private Haushalte;Biogas (Biomethan);TJ;2021;719.459
Verkehr und Umwelt;Deutschland insgesamt;Energieverbrauch im Straßenverkehr, Energieträger in tiefer Gliederung, Übersicht;9.2024;Private Haushalte;Strom;TJ;2021;2452.27
Verkehr und Umwelt;Deutschland insgesamt;Energieverbrauch im Straßenverkehr, Energieträger in tiefer Gliederung, Übersicht;9.2024;Private Haushalte;Energieverbrauch der Inländer insgesamt;TJ;2021;1239272.25
Verkehr und Umwelt;Deutschland insgesamt;Energieverbrauch im Straßenverkehr, Energieträger in tiefer Gliederung, Übersicht;9.2024;Insgesamt;Benzin;TJ;2021;686194.655
Verkehr und Umwelt;Deutschland insgesamt;Energieverbrauch im Straßenverkehr, Energieträger in tiefer Gliederung, Übersicht;9.2024;Insgesamt;Bioethanol;TJ;2021;33618.87
Verkehr und Umwelt;Deutschland insgesamt;Energieverbrauch im Straßenverkehr, Energieträger in tiefer Gliederung, Übersicht;9.2024;Insgesamt;Diesel;TJ;2021;1130705.868
Verkehr und Umwelt;Deutschland insgesamt;Energieverbrauch im Straßenverkehr, Energieträger in tiefer Gliederung, Übersicht;9.2024;Insgesamt;Biodiesel;TJ;2021;78551.123
Verkehr und Umwelt;Deutschland insgesamt;Energieverbrauch im Straßenverkehr, Energieträger in tiefer Gliederung, Übersicht;9.2024;Insgesamt;Erdgas;TJ;2021;7873.819
Verkehr und Umwelt;Deutschland insgesamt;Energieverbrauch im Straßenverkehr, Energieträger in tiefer Gliederung, Übersicht;9.2024;Insgesamt;Flüssiggas (Autogas);TJ;2021;12200.012
Verkehr und Umwelt;Deutschland insgesamt;Energieverbrauch im Straßenverkehr, Energieträger in tiefer Gliederung, Übersicht;9.2024;Insgesamt;Biogas (Biomethan);TJ;2021;1351.569
Verkehr und Umwelt;Deutschland insgesamt;Energieverbrauch im Straßenverkehr, Energieträger in tiefer Gliederung, Übersicht;9.2024;Insgesamt;Strom;TJ;2021;5203.892
Verkehr und Umwelt;Deutschland insgesamt;Energieverbrauch im Straßenverkehr, Energieträger in tiefer Gliederung, Übersicht;9.2024;Insgesamt;Energieverbrauch der Inländer insgesamt;TJ;2021;1955699.807
Verkehr und Umwelt;Deutschland insgesamt;Energieverbrauch im Straßenverkehr, Energieträger in tiefer Gliederung, Übersicht;9.2024;Alle Wirtschaftszweige;Benzin;TJ;2022;42732.954
Verkehr und Umwelt;Deutschland insgesamt;Energieverbrauch im Straßenverkehr, Energieträger in tiefer Gliederung, Übersicht;9.2024;Alle Wirtschaftszweige;Bioethanol;TJ;2022;1980.314
Verkehr und Umwelt;Deutschland insgesamt;Energieverbrauch im Straßenverkehr, Energieträger in tiefer Gliederung, Übersicht;9.2024;Alle Wirtschaftszweige;Diesel;TJ;2022;634519.435
Verkehr und Umwelt;Deutschland insgesamt;Energieverbrauch im Straßenverkehr, Energieträger in tiefer Gliederung, Übersicht;9.2024;Alle Wirtschaftszweige;Biodiesel;TJ;2022;44093.154
Verkehr und Umwelt;Deutschland insgesamt;Energieverbrauch im Straßenverkehr, Energieträger in tiefer Gliederung, Übersicht;9.2024;Alle Wirtschaftszweige;Erdgas;TJ;2022;3952.302
Verkehr und Umwelt;Deutschland insgesamt;Energieverbrauch im Straßenverkehr, Energieträger in tiefer Gliederung, Übersicht;9.2024;Alle Wirtschaftszweige;Flüssiggas (Autogas);TJ;2022;489.541
Verkehr und Umwelt;Deutschland insgesamt;Energieverbrauch im Straßenverkehr, Energieträger in tiefer Gliederung, Übersicht;9.2024;Alle Wirtschaftszweige;Biogas (Biomethan);TJ;2022;4843.019
Verkehr und Umwelt;Deutschland insgesamt;Energieverbrauch im Straßenverkehr, Energieträger in tiefer Gliederung, Übersicht;9.2024;Alle Wirtschaftszweige;Strom;TJ;2022;5316.831
Verkehr und Umwelt;Deutschland insgesamt;Energieverbrauch im Straßenverkehr, Energieträger in tiefer Gliederung, Übersicht;9.2024;Alle Wirtschaftszweige;Energieverbrauch der Inländer insgesamt;TJ;2022;737927.55
Verkehr und Umwelt;Deutschland insgesamt;Energieverbrauch im Straßenverkehr, Energieträger in tiefer Gliederung, Übersicht;9.2024;Private Haushalte;Benzin;TJ;2022;683173.411
Verkehr und Umwelt;Deutschland insgesamt;Energieverbrauch im Straßenverkehr, Energieträger in tiefer Gliederung, Übersicht;9.2024;Private Haushalte;Bioethanol;TJ;2022;31662.76
Verkehr und Umwelt;Deutschland insgesamt;Energieverbrauch im Straßenverkehr, Energieträger in tiefer Gliederung, Übersicht;9.2024;Private Haushalte;Diesel;TJ;2022;519655.795
Verkehr und Umwelt;Deutschland insgesamt;Energieverbrauch im Straßenverkehr, Energieträger in tiefer Gliederung, Übersicht;9.2024;Private Haushalte;Biodiesel;TJ;2022;36111.545
Verkehr und Umwelt;Deutschland insgesamt;Energieverbrauch im Straßenverkehr, Energieträger in tiefer Gliederung, Übersicht;9.2024;Private Haushalte;Erdgas;TJ;2022;1019.241
Verkehr und Umwelt;Deutschland insgesamt;Energieverbrauch im Straßenverkehr, Energieträger in tiefer Gliederung, Übersicht;9.2024;Private Haushalte;Flüssiggas (Autogas);TJ;2022;11638.967
Verkehr und Umwelt;Deutschland insgesamt;Energieverbrauch im Straßenverkehr, Energieträger in tiefer Gliederung, Übersicht;9.2024;Private Haushalte;Biogas (Biomethan);TJ;2022;1247.487
Verkehr und Umwelt;Deutschland insgesamt;Energieverbrauch im Straßenverkehr, Energieträger in tiefer Gliederung, Übersicht;9.2024;Private Haushalte;Strom;TJ;2022;5737.515
Verkehr und Umwelt;Deutschland insgesamt;Energieverbrauch im Straßenverkehr, Energieträger in tiefer Gliederung, Übersicht;9.2024;Private Haushalte;Energieverbrauch der Inländer insgesamt;TJ;2022;1290246.721
Verkehr und Umwelt;Deutschland insgesamt;Energieverbrauch im Straßenverkehr, Energieträger in tiefer Gliederung, Übersicht;9.2024;Insgesamt;Benzin;TJ;2022;725906.364
Verkehr und Umwelt;Deutschland insgesamt;Energieverbrauch im Straßenverkehr, Energieträger in tiefer Gliederung, Übersicht;9.2024;Insgesamt;Bioethanol;TJ;2022;33643.075
Verkehr und Umwelt;Deutschland insgesamt;Energieverbrauch im Straßenverkehr, Energieträger in tiefer Gliederung, Übersicht;9.2024;Insgesamt;Diesel;TJ;2022;1154175.23
Verkehr und Umwelt;Deutschland insgesamt;Energieverbrauch im Straßenverkehr, Energieträger in tiefer Gliederung, Übersicht;9.2024;Insgesamt;Biodiesel;TJ;2022;80204.699
Verkehr und Umwelt;Deutschland insgesamt;Energieverbrauch im Straßenverkehr, Energieträger in tiefer Gliederung, Übersicht;9.2024;Insgesamt;Erdgas;TJ;2022;4971.543
Verkehr und Umwelt;Deutschland insgesamt;Energieverbrauch im Straßenverkehr, Energieträger in tiefer Gliederung, Übersicht;9.2024;Insgesamt;Flüssiggas (Autogas);TJ;2022;12128.508
Verkehr und Umwelt;Deutschland insgesamt;Energieverbrauch im Straßenverkehr, Energieträger in tiefer Gliederung, Übersicht;9.2024;Insgesamt;Biogas (Biomethan);TJ;2022;6090.507
Verkehr und Umwelt;Deutschland insgesamt;Energieverbrauch im Straßenverkehr, Energieträger in tiefer Gliederung, Übersicht;9.2024;Insgesamt;Strom;TJ;2022;11054.346
Verkehr und Umwelt;Deutschland insgesamt;Energieverbrauch im Straßenverkehr, Energieträger in tiefer Gliederung, Übersicht;9.2024;Insgesamt;Energieverbrauch der Inländer insgesamt;TJ;2022;2028174.271
